[
    {
        "name":"Ranjeet Tiwari",
        "RollNo":2211985039,
        "program":"bTech",
        "Sem":"5th"
    },
    {
        "name":"Sagar Gupta",
        "RollNo":2211985043,
        "program":"bTech",
        "Sem":"5th"
    },
    {
        "name":"Vivek",
        "RollNo":2211985057,
        "program":"bTech",
        "Sem":"5th"
    },
    {
        "name":"Ruheal",
        "RollNo":2211985042,
        "program":"bTech",
        "Sem":"5th"
    },
    {
        "name":"Mahi",
        "RollNo":2211985031,
        "program":"bTech",
        "Sem":"5th"
    },
    {
        "name":"Jhantu",
        "RollNo":2211985041,
        "program":"bTech",
        "Sem":"5th"
    }
]